Workbook

Sheet Vocabulary
A1: Madinah Arabic — Book 1 Vocabulary
A2: All Arabic words taught in the course, in lesson order. One row per word.
A4: Session | B4: Lesson | C4: Part | D4: Lesson Topic (Arabic) | E4: Lesson Topic (English) | F4: Arabic | G4: English Meaning | H4: Indefinite Form | I4: Icon | J4: In Quran | K4: Source
A5: 1 | B5: 1.1 | C5: A | D5: مَا هَذَا؟ | E5: What Is This? (Part 1) | F5: هَذَا | G5: this (m.) | J5: No | K5: Word card
A6: 1 | B6: 1.1 | C6: A | D6: مَا هَذَا؟ | E6: What Is This? (Part 1) | F6: مَا | G6: what | J6: No | K6: Word card
A7: 1 | B7: 1.1 | C7: A | D7: مَا هَذَا؟ | E7: What Is This? (Part 1) | F7: كِتَابٌ | G7: book | I7: 📖 | J7: Yes | K7: Word card
A8: 1 | B8: 1.1 | C8: A | D8: مَا هَذَا؟ | E8: What Is This? (Part 1) | F8: قَلَمٌ | G8: pen | I8: 🖊️ | J8: Yes | K8: Word card
A9: 1 | B9: 1.1 | C9: A | D9: مَا هَذَا؟ | E9: What Is This? (Part 1) | F9: مِفْتَاحٌ | G9: key | I9: 🔑 | J9: Yes | K9: Word card
A10: 1 | B10: 1.1 | C10: A | D10: مَا هَذَا؟ | E10: What Is This? (Part 1) | F10: بَابٌ | G10: door | I10: 🚪 | J10: Yes | K10: Word card
A11: 2 | B11: 1.1 | C11: B | D11: مَا هَذَا؟ | E11: What Is This? (Part 2) | F11: بَيْتٌ | G11: house | I11: 🏠 | J11: Yes | K11: Word card
A12: 2 | B12: 1.1 | C12: B | D12: مَا هَذَا؟ | E12: What Is This? (Part 2) | F12: مَسْجِدٌ | G12: mosque | I12: 🕌 | J12: Yes | K12: Word card
A13: 2 | B13: 1.1 | C13: B | D13: مَا هَذَا؟ | E13: What Is This? (Part 2) | F13: نَجْمٌ | G13: star | I13: ⭐ | J13: Yes | K13: Word card
A14: 2 | B14: 1.1 | C14: B | D14: مَا هَذَا؟ | E14: What Is This? (Part 2) | F14: حَجَرٌ | G14: stone | I14: 🪨 | J14: Yes | K14: Word card
A15: 3 | B15: 1.1 | C15: C | D15: الْحَيَوَانَاتُ | E15: Animals | F15: كَلْبٌ | G15: dog | I15: 🐕 | J15: Yes | K15: Word card
A16: 3 | B16: 1.1 | C16: C | D16: الْحَيَوَانَاتُ | E16: Animals | F16: ذِئْبٌ | G16: wolf | I16: 🐺 | J16: Yes | K16: Word card
A17: 3 | B17: 1.1 | C17: C | D17: الْحَيَوَانَاتُ | E17: Animals | F17: حِمَارٌ | G17: donkey | I17: 🫏 | J17: Yes | K17: Word card
A18: 3 | B18: 1.1 | C18: C | D18: الْحَيَوَانَاتُ | E18: Animals | F18: جَمَلٌ | G18: camel | I18: 🐪 | J18: Yes | K18: Word card
... A23: 3 | B23: 1.1 | C23: C | D23: الْحَيَوَانَاتُ | E23: Animals | F23: عَنْكَبُوتٌ | G23: spider | I23: 🕷️ | J23: Yes | K23: Word card
A24: 3 | B24: 1.1 | C24: C | D24: الْحَيَوَانَاتُ | E24: Animals | F24: وَ | G24: and | J24: No | K24: Word card
A25: 4 | B25: 1.1 | C25: D | D25: الْمِهَنُ وَالْمَلَابِسُ | E25: Professions & Clothing | F25: مَنْ | G25: who | J25: Yes | K25: Word card
A26: 4 | B26: 1.1 | C26: D | D26: الْمِهَنُ وَالْمَلَابِسُ | E26: Professions & Clothing | F26: إِمَامٌ | G26: imam | I26: 👳🏼‍♂️ | J26: Yes | K26: Word card
A27: 4 | B27: 1.1 | C27: D | D27: الْمِهَنُ وَالْمَلَابِسُ | E27: Professions & Clothing | F27: رَسُولٌ | G27: messenger | J27: Yes | K27: Word card
A28: 4 | B28: 1.1 | C28: D | D28: الْمِهَنُ وَالْمَلَابِسُ | E28: Professions & Clothing | F28: تَاجِرٌ | G28: merchant | I28: 🧑‍💼 | J28: No | K28: Word card
A29: 4 | B29: 1.1 | C29: D | D29: الْمِهَنُ وَالْمَلَابِسُ | E29: Professions & Clothing | F29: سِرَاجٌ | G29: lamp | I29: 🪔 | J29: Yes | K29: Word card
A30: 4 | B30: 1.1 | C30: D | D30: الْمِهَنُ وَالْمَلَابِسُ | E30: Professions & Clothing | F30: قَمِيصٌ | G30: shirt | I30: 👕 | J30: Yes | K30: Word card
A31: 5 | B31: 1.1 | C31: E | D31: أَسْئِلَةُ نَعَمْ وَلَا | E31: Yes/No Questions | F31: نَعَمْ | G31: yes | J31: No | K31: Word card
A32: 5 | B32: 1.1 | C32: E | D32: أَسْئِلَةُ نَعَمْ وَلَا | E32: Yes/No Questions | F32: لَا | G32: no | J32: Yes | K32: Word card
A33: 5 | B33: 1.1 | C33: E | D33: أَسْئِلَةُ نَعَمْ وَلَا | E33: Yes/No Questions | F33: أَهَذَا | G33: Is this...? (m.) | J33: No | K33: Word card
A34: 5 | B34: 1.1 | C34: E | D34: أَسْئِلَةُ نَعَمْ وَلَا | E34: Yes/No Questions | F34: هَلْ | G34: Is...? (yes/no question) | J34: No | K34: Word card
A35: 5 | B35: 1.1 | C35: E | D35: أَسْئِلَةُ نَعَمْ وَلَا | E35: Yes/No Questions | F35: قِطٌّ | G35: cat | I35: 🐈 | J35: No | K35: Word card
A36: 6 | B36: 1.2 | C36: A | D36: ذَلِكَ — That Is... | E36: Far Demonstratives (Part 1) | F36: ذَلِكَ | G36: that (m., far) | J36: No | K36: Word card
A37: 6 | B37: 1.2 | C37: A | D37: ذَلِكَ — That Is... | E37: Far Demonstratives (Part 1) | F37: سَرِيرٌ | G37: bed | I37: 🛏️ | J37: Yes | K37: Word card
A38: 6 | B38: 1.2 | C38: A | D38: ذَلِكَ — That Is... | E38: Far Demonstratives (Part 1) | F38: كُرْسِيٌّ | G38: chair | I38: 🪑 | J38: Yes | K38: Word card
A39: 6 | B39: 1.2 | C39: A | D39: ذَلِكَ — That Is... | E39: Far Demonstratives (Part 1) | F39: مَكْتَبٌ | G39: desk/office | I39: 🗂️ | J39: No | K39: Word card
A40: 6 | B40: 1.2 | C40: A | D40: ذَلِكَ — That Is... | E40: Far Demonstratives (Part 1) | F40: جِدَارٌ | G40: wall | I40: 🧱 | J40: Yes | K40: Word card
A41: 7 | B41: 1.2 | C41: B | D41: ذَلِكَ — That Is... | E41: Far Demonstratives (Part 2) | F41: وَلَدٌ | G41: boy | I41: 👦 | J41: Yes | K41: Word card
A42: 7 | B42: 1.2 | C42: B | D42: ذَلِكَ — That Is... | E42: Far Demonstratives (Part 2) | F42: رَجُلٌ | G42: man | I42: 👨 | J42: Yes | K42: Word card
A43: 7 | B43: 1.2 | C43: B | D43: ذَلِكَ — That Is... | E43: Far Demonstratives (Part 2) | F43: طَالِبٌ | G43: student (m.) | I43: 👨‍🎓 | J43: No | K43: Word card
A44: 7 | B44: 1.2 | C44: B | D44: ذَلِكَ — That Is... | E44: Far Demonstratives (Part 2) | F44: مُدَرِّسٌ | G44: teacher (m.) | I44: 👨‍🏫 | J44: No | K44: Word card
A45: 8 | B45: 1.3 | C45: A | D45: الـ — The Definite Article (Part 1) | E45: Making Nouns Definite | F45: الْكِتَابُ | G45: the book | H45: كِتَابٌ | I45: 📖 | J45: Yes | K45: Word card
A46: 8 | B46: 1.3 | C46: A | D46: الـ — The Definite Article (Part 1) | E46: Making Nouns Definite | F46: الْقَلَمُ | G46: the pen | H46: قَلَمٌ | I46: 🖊️ | J46: Yes | K46: Word card
A47: 8 | B47: 1.3 | C47: A | D47: الـ — The Definite Article (Part 1) | E47: Making Nouns Definite | F47: الْبَيْتُ | G47: the house | H47: بَيْتٌ | I47: 🏠 | J47: Yes | K47: Word card
A48: 8 | B48: 1.3 | C48: A | D48: الـ — The Definite Article (Part 1) | E48: Making Nouns Definite | F48: الْبَابُ | G48: the door | H48: بَابٌ | I48: 🚪 | J48: Yes | K48: Word card
A49: 8 | B49: 1.3 | C49: A | D49: الـ — The Definite Article (Part 1) | E49: Making Nouns Definite | F49: لَا | G49: no | K49: Quran verse tile
A50: 8 | B50: 1.3 | C50: A | D50: الـ — The Definite Article (Part 1) | E50: Making Nouns Definite | F50: رَيْبَ | G50: doubt | K50: Quran verse tile
A51: 8 | B51: 1.3 | C51: A | D51: الـ — The Definite Article (Part 1) | E51: Making Nouns Definite | F51: فِيهِ | G51: in it | K51: Quran verse tile
A52: 8 | B52: 1.3 | C52: A | D52: الـ — The Definite Article (Part 1) | E52: Making Nouns Definite | F52: الْعَتِيقُ | G52: the Ancient | K52: Quran verse tile
A53: 9 | B53: 1.3 | C53: B | D53: الـ — Sun & Moon Letters | E53: Sun Letters (Part 2) | F53: الشَّمْسُ | G53: the sun | H53: شَمْسٌ | I53: ☀️ | J53: Yes | K53: Word card
A54: 9 | B54: 1.3 | C54: B | D54: الـ — Sun & Moon Letters | E54: Sun Letters (Part 2) | F54: الرَّجُلُ | G54: the man | H54: رَجُلٌ | I54: 👨 | J54: Yes | K54: Word card
A55: 9 | B55: 1.3 | C55: B | D55: الـ — Sun & Moon Letters | E55: Sun Letters (Part 2) | F55: النَّجْمُ | G55: the star | H55: نَجْمٌ | I55: ⭐ | J55: Yes | K55: Word card
A56: 9 | B56: 1.3 | C56: B | D56: الـ — Sun & Moon Letters | E56: Sun Letters (Part 2) | F56: الطَّالِبُ | G56: the student | H56: طَالِبٌ | I56: 👨‍🎓 | J56: No | K56: Word card
A57: 9 | B57: 1.3 | C57: B | D57: الـ — Sun & Moon Letters | E57: Sun Letters (Part 2) | F57: بِحُسْبَانٍ | G57: by precise measure | K57: Quran verse tile
A58: 9 | B58: 1.3 | C58: B | D58: الـ — Sun & Moon Letters | E58: Sun Letters (Part 2) | F58: وَالشَّجَرُ | G58: and the trees | K58: Quran verse tile
A59: 9 | B59: 1.3 | C59: B | D59: الـ — Sun & Moon Letters | E59: Sun Letters (Part 2) | F59: يَسْجُدَانِ | G59: bow down | K59: Quran verse tile
A60: 10 | B60: 1.4 | C60: A | D60: الصِّفَاتُ — Adjectives (Part 1) | E60: Describing with Adjectives | F60: كَبِيرٌ | G60: big | I60: 🔼 | J60: Yes | K60: Word card
A61: 10 | B61: 1.4 | C61: A | D61: الصِّفَاتُ — Adjectives (Part 1) | E61: Describing with Adjectives | F61: صَغِيرٌ | G61: small | I61: 🔽 | J61: Yes | K61: Word card
A62: 10 | B62: 1.4 | C62: A | D62: الصِّفَاتُ — Adjectives (Part 1) | E62: Describing with Adjectives | F62: جَدِيدٌ | G62: new | I62: ✨ | J62: Yes | K62: Word card
A63: 10 | B63: 1.4 | C63: A | D63: الصِّفَاتُ — Adjectives (Part 1) | E63: Describing with Adjectives | F63: قَدِيمٌ | G63: old | I63: 📜 | J63: Yes | K63: Word card
A64: 11 | B64: 1.4 | C64: B | D64: الصِّفَاتُ — More Adjectives (Part 2) | E64: More Adjectives | F64: جَمِيلٌ | G64: beautiful | J64: Yes | K64: Word card
A65: 11 | B65: 1.4 | C65: B | D65: الصِّفَاتُ — More Adjectives (Part 2) | E65: More Adjectives | F65: طَوِيلٌ | G65: tall/long | J65: No | K65: Word card
A66: 11 | B66: 1.4 | C66: B | D66: الصِّفَاتُ — More Adjectives (Part 2) | E66: More Adjectives | F66: قَصِيرٌ | G66: short | J66: No | K66: Word card
A67: 11 | B67: 1.4 | C67: B | D67: الصِّفَاتُ — More Adjectives (Part 2) | E67: More Adjectives | F67: كَرِيمٌ | G67: generous/noble | J67: Yes | K67: Word card
A68: 11 | B68: 1.4 | C68: B | D68: الصِّفَاتُ — More Adjectives (Part 2) | E68: More Adjectives | F68: إِنِّي | G68: indeed | K68: Quran verse tile
A69: 11 | B69: 1.4 | C69: B | D69: الصِّفَاتُ — More Adjectives (Part 2) | E69: More Adjectives | F69: أُلْقِيَ | G69: was delivered | K69: Quran verse tile
A70: 11 | B70: 1.4 | C70: B | D70: الصِّفَاتُ — More Adjectives (Part 2) | E70: More Adjectives | F70: إِلَيَّ | G70: to me | K70: Quran verse tile
A71: 11 | B71: 1.4 | C71: B | D71: الصِّفَاتُ — More Adjectives (Part 2) | E71: More Adjectives | F71: إِنَّهُ | G71: indeed it is | K71: Quran verse tile
A72: 11 | B72: 1.4 | C72: B | D72: الصِّفَاتُ — More Adjectives (Part 2) | E72: More Adjectives | F72: لَقَوْلُ | G72: truly the word of | K72: Quran verse tile
A73: 12 | B73: 1.5 | C73: A | D73: حُرُوفُ الْجَرِّ (Part 1) | E73: Prepositions: في، عَلَى، مِنْ، إِلَى | F73: فِي | G73: in | J73: Yes | K73: Word card
A74: 12 | B74: 1.5 | C74: A | D74: حُرُوفُ الْجَرِّ (Part 1) | E74: Prepositions: في، عَلَى، مِنْ، إِلَى | F74: عَلَى | G74: on | J74: Yes | K74: Word card
A75: 12 | B75: 1.5 | C75: A | D75: حُرُوفُ الْجَرِّ (Part 1) | E75: Prepositions: في، عَلَى، مِنْ، إِلَى | F75: مِنْ | G75: from | J75: Yes | K75: Word card
A76: 12 | B76: 1.5 | C76: A | D76: حُرُوفُ الْجَرِّ (Part 1) | E76: Prepositions: في، عَلَى، مِنْ، إِلَى | F76: إِلَى | G76: to | J76: Yes | K76: Word card
A77: 12 | B77: 1.5 | C77: A | D77: حُرُوفُ الْجَرِّ (Part 1) | E77: Prepositions: في، عَلَى، مِنْ، إِلَى | F77: الْمَصِيرُ | G77: the final return | K77: Quran verse tile
A78: 12 | B78: 1.5 | C78: A | D78: حُرُوفُ الْجَرِّ (Part 1) | E78: Prepositions: في، عَلَى، مِنْ، إِلَى | F78: فَلْيَتَوَكَّلِ | G78: so let them trust | K78: Quran verse tile
A79: 12 | B79: 1.5 | C79: A | D79: حُرُوفُ الْجَرِّ (Part 1) | E79: Prepositions: في، عَلَى، مِنْ، إِلَى | F79: الْمُؤْمِنُونَ | G79: the believers | K79: Quran verse tile
A80: 13 | B80: 1.5 | C80: B | D80: حُرُوفُ الْجَرِّ (Part 2) | E80: Prepositions: تَحْتَ، فَوْقَ، أَمَامَ | F80: تَحْتَ | G80: under | J80: Yes | K80: Word card
A81: 13 | B81: 1.5 | C81: B | D81: حُرُوفُ الْجَرِّ (Part 2) | E81: Prepositions: تَحْتَ، فَوْقَ، أَمَامَ | F81: فَوْقَ | G81: above | J81: Yes | K81: Word card
A82: 13 | B82: 1.5 | C82: B | D82: حُرُوفُ الْجَرِّ (Part 2) | E82: Prepositions: تَحْتَ، فَوْقَ، أَمَامَ | F82: أَمَامَ | G82: in front of | J82: Yes | K82: Word card
A83: 13 | B83: 1.5 | C83: B | D83: حُرُوفُ الْجَرِّ (Part 2) | E83: Prepositions: تَحْتَ، فَوْقَ، أَمَامَ | F83: خَلْفَ | G83: behind | J83: Yes | K83: Word card
A84: 13 | B84: 1.5 | C84: B | D84: حُرُوفُ الْجَرِّ (Part 2) | E84: Prepositions: تَحْتَ، فَوْقَ، أَمَامَ | F84: تَجْرِي | G84: flow | K84: Quran verse tile
A85: 13 | B85: 1.5 | C85: B | D85: حُرُوفُ الْجَرِّ (Part 2) | E85: Prepositions: تَحْتَ، فَوْقَ، أَمَامَ | F85: مِنْ | G85: from | K85: Quran verse tile
A86: 13 | B86: 1.5 | C86: B | D86: حُرُوفُ الْجَرِّ (Part 2) | E86: Prepositions: تَحْتَ، فَوْقَ، أَمَامَ | F86: الْأَنْهَارُ | G86: the rivers | K86: Quran verse tile
A87: 13 | B87: 1.5 | C87: B | D87: حُرُوفُ الْجَرِّ (Part 2) | E87: Prepositions: تَحْتَ، فَوْقَ، أَمَامَ | F87: وَمِنْ | G87: and from | K87: Quran verse tile
A88: 13 | B88: 1.5 | C88: B | D88: حُرُوفُ الْجَرِّ (Part 2) | E88: Prepositions: تَحْتَ، فَوْقَ، أَمَامَ | F88: ظُلَلٌ | G88: coverings | K88: Quran verse tile
A89: 13 | B89: 1.5 | C89: B | D89: حُرُوفُ الْجَرِّ (Part 2) | E89: Prepositions: تَحْتَ، فَوْقَ، أَمَامَ | F89: مِنَ | G89: of | K89: Quran verse tile
A90: 13 | B90: 1.5 | C90: B | D90: حُرُوفُ الْجَرِّ (Part 2) | E90: Prepositions: تَحْتَ، فَوْقَ، أَمَامَ | F90: النَّارِ | G90: the Fire | K90: Quran verse tile
A91: 14 | B91: 1.6 | C91: A | D91: الضَّمَائِرُ (Part 1) | E91: Personal Pronouns | F91: هُوَ | G91: he | J91: Yes | K91: Word card
A92: 14 | B92: 1.6 | C92: A | D92: الضَّمَائِرُ (Part 1) | E92: Personal Pronouns | F92: هِيَ | G92: she | J92: Yes | K92: Word card
A93: 14 | B93: 1.6 | C93: A | D93: الضَّمَائِرُ (Part 1) | E93: Personal Pronouns | F93: أَنَا | G93: I | J93: Yes | K93: Word card
A94: 14 | B94: 1.6 | C94: A | D94: الضَّمَائِرُ (Part 1) | E94: Personal Pronouns | F94: أَنْتَ | G94: you (m.) | J94: Yes | K94: Word card
A95: 14 | B95: 1.6 | C95: A | D95: الضَّمَائِرُ (Part 1) | E95: Personal Pronouns | F95: أَحَدٌ | G95: the One | K95: Quran verse tile
A96: 14 | B96: 1.6 | C96: A | D96: الضَّمَائِرُ (Part 1) | E96: Personal Pronouns | F96: إِنَّنِي | G96: Indeed I | K96: Quran verse tile
A97: 15 | B97: 1.6 | C97: B | D97: الضَّمَائِرُ (Part 2) | E97: Pronouns with Professions | F97: رَسُولٌ | G97: messenger | J97: Yes | K97: Word card
A98: 15 | B98: 1.6 | C98: B | D98: الضَّمَائِرُ (Part 2) | E98: Pronouns with Professions | F98: مَلَكٌ | G98: angel | J98: Yes | K98: Word card
A99: 15 | B99: 1.6 | C99: B | D99: الضَّمَائِرُ (Part 2) | E99: Pronouns with Professions | F99: تَاجِرٌ | G99: merchant | I99: 🧑‍💼 | J99: No | K99: Word card
A100: 15 | B100: 1.6 | C100: B | D100: الضَّمَائِرُ (Part 2) | E100: Pronouns with Professions | F100: فَلَّاحٌ | G100: farmer | I100: 🧑‍🌾 | J100: No | K100: Word card
A101: 15 | B101: 1.6 | C101: B | D101: الضَّمَائِرُ (Part 2) | E101: Pronouns with Professions | F101: مُحَمَّدٌ | G101: Muhammad (name) | J101: No | K101: Word card
A102: 15 | B102: 1.6 | C102: B | D102: الضَّمَائِرُ (Part 2) | E102: Pronouns with Professions | F102: اللَّهِ | G102: of Allah | K102: Quran verse tile
A103: 15 | B103: 1.6 | C103: B | D103: الضَّمَائِرُ (Part 2) | E103: Pronouns with Professions | F103: وَمَا | G103: and not | K103: Quran verse tile
A104: 15 | B104: 1.6 | C104: B | D104: الضَّمَائِرُ (Part 2) | E104: Pronouns with Professions | F104: إِلَّا | G104: but only | K104: Quran verse tile
A105: 16 | B105: 1.7 | C105: A | D105: الْمُؤَنَّثُ (Part 1) | E105: Feminine Nouns & هَذِهِ | F105: هَذِهِ | G105: this (f.) | J105: No | K105: Word card
...

Sheet Lessons
A1: Lesson-by-Lesson Grammar Notes
A3: Session | B3: Lesson | C3: Part | D3: Topic (Arabic) | E3: Topic (English) | F3: Words | G3: Grammar Note
A4: 1 | B4: 1.1 | C4: A | D4: مَا هَذَا؟ | E4: What Is This? (Part 1) | F4: =COUNTIFS(Vocabulary!$A$5:$A$154,A4,Vocabulary!$K$5:$K$154,"Word card") -> 6 | G4: هَذَا means "this" for masculine objects. مَا هَذَا؟ = What is this? Answer: هَذَا كِتَابٌ. Nouns take ـٌ (tanwīn ḍamm) in the indefinite.
A5: 2 | B5: 1.1 | C5: B | D5: مَا هَذَا؟ | E5: What Is This? (Part 2) | F5: =COUNTIFS(Vocabulary!$A$5:$A$154,A5,Vocabulary!$K$5:$K$154,"Word card") -> 4 | G5: More هَذَا sentences. Nouns ending in ـٌ are indefinite ("a book"). Every Arabic noun has a gender — masculine or feminine.
A6: 3 | B6: 1.1 | C6: C | D6: الْحَيَوَانَاتُ | E6: Animals | F6: =COUNTIFS(Vocabulary!$A$5:$A$154,A6,Vocabulary!$K$5:$K$154,"Word card") -> 10 | G6: More هَذَا/ذَلِكَ with animals. All these nouns are masculine. وَ means "and" — it attaches directly to the next word: هَذَا فِيلٌ وَذَلِكَ جَمَلٌ. Note: عَنْكَبُوتٌ (spider) can be treated as masculine or feminine; we use هَذَا with it here.
A7: 4 | B7: 1.1 | C7: D | D7: الْمِهَنُ وَالْمَلَابِسُ | E7: Professions & Clothing | F7: =COUNTIFS(Vocabulary!$A$5:$A$154,A7,Vocabulary!$K$5:$K$154,"Word card") -> 6 | G7: مَنْ هَذَا؟ = Who is this? Used for people: مَنْ هَذَا؟ هَذَا إِمَامٌ. مَا هَذَا؟ هَذَا قَمِيصٌ.
A8: 5 | B8: 1.1 | C8: E | D8: أَسْئِلَةُ نَعَمْ وَلَا | E8: Yes/No Questions | F8: =COUNTIFS(Vocabulary!$A$5:$A$154,A8,Vocabulary!$K$5:$K$154,"Word card") -> 5 | G8: Both أَ and هَلْ are yes/no question particles — they are interchangeable. أَهَذَا مَسْجِدٌ؟ = هَلْ هَذَا مَسْجِدٌ؟ = Is this a mosque? Answer: نَعَمْ، هَذَا مَسْجِدٌ (Yes) or لَا، هَذَا بَيْتٌ (No). أَ attaches directly to the next word; هَلْ stands alone.
A9: 6 | B9: 1.2 | C9: A | D9: ذَلِكَ — That Is... | E9: Far Demonstratives (Part 1) | F9: =COUNTIFS(Vocabulary!$A$5:$A$154,A9,Vocabulary!$K$5:$K$154,"Word card") -> 5 | G9: ذَلِكَ = "that" for masculine objects far away. وَ ("and") joins the two sentences: هَذَا مَكْتَبٌ وَذَلِكَ سَرِيرٌ.
A10: 7 | B10: 1.2 | C10: B | D10: ذَلِكَ — That Is... | E10: Far Demonstratives (Part 2) | F10: =COUNTIFS(Vocabulary!$A$5:$A$154,A10,Vocabulary!$K$5:$K$154,"Word card") -> 4 | G10: Practice هَذَا and ذَلِكَ with people. مَنْ هَذَا؟ = Who is this? (used for people, not objects). وَ joins two sentences: هَذَا طَالِبٌ وَذَلِكَ مُدَرِّسٌ.
A11: 8 | B11: 1.3 | C11: A | D11: الـ — The Definite Article (Part 1) | E11: Making Nouns Definite | F11: =COUNTIFS(Vocabulary!$A$5:$A$154,A11,Vocabulary!$K$5:$K$154,"Word card") -> 4 | G11: الـ makes a noun definite: كِتَابٌ → الْكِتَابُ. The ـٌ disappears, replaced by ـُ. With "moon letters" الـ is fully pronounced: الْبَيْتُ.
A12: 9 | B12: 1.3 | C12: B | D12: الـ — Sun & Moon Letters | E12: Sun Letters (Part 2) | F12: =COUNTIFS(Vocabulary!$A$5:$A$154,A12,Vocabulary!$K$5:$K$154,"Word card") -> 4 | G12: With "sun letters" (ت،ث،د،ذ،ر،ز،س،ش،ص،ض،ط،ظ،ل،ن) the ل of الـ assimilates. Written but not pronounced — the first letter doubles instead.
A13: 10 | B13: 1.4 | C13: A | D13: الصِّفَاتُ — Adjectives (Part 1) | E13: Describing with Adjectives | F13: =COUNTIFS(Vocabulary!$A$5:$A$154,A13,Vocabulary!$K$5:$K$154,"Word card") -> 4 | G13: Adjectives come AFTER the noun and must match it. Definite noun → definite adjective. Indefinite noun → indefinite adjective.
A14: 11 | B14: 1.4 | C14: B | D14: الصِّفَاتُ — More Adjectives (Part 2) | E14: More Adjectives | F14: =COUNTIFS(Vocabulary!$A$5:$A$154,A14,Vocabulary!$K$5:$K$154,"Word card") -> 4 | G14: More masculine adjectives. The adjective follows the noun and takes the same tanwīn.
A15: 12 | B15: 1.5 | C15: A | D15: حُرُوفُ الْجَرِّ (Part 1) | E15: Prepositions: في، عَلَى، مِنْ، إِلَى | F15: =COUNTIFS(Vocabulary!$A$5:$A$154,A15,Vocabulary!$K$5:$K$154,"Word card") -> 4 | G15: After a preposition, the noun takes genitive case — it loses ـٌ and takes ـٍ (or ـِ if definite).
... A27: 24 | B27: 1.10 | C27: B | D27: مُرَاجَعَةٌ — Book 1 Review | E27: Book 1 Revision | F27: =COUNTIFS(Vocabulary!$A$5:$A$154,A27,Vocabulary!$K$5:$K$154,"Word card") -> 4 | G27: Review all Book 1 patterns: هَذَا/ذَلِكَ/هَذِهِ/تِلْكَ, الـ, adjective agreement, prepositions, pronouns, iḍāfa, الَّذِي.

Sheet Summary
A1: Course Summary
A5: Sessions (lessons) | B5: =COUNTA(Lessons!$A$4:$A$27) -> 24
A6: Total Arabic entries | B6: =COUNTA(Vocabulary!$F$5:$F$154) -> 150
A7: on New Words cards | B7: =COUNTIF(Vocabulary!$K$5:$K$154,"Word card") -> 118
A8: grammar & exercises only | B8: =COUNTIF(Vocabulary!$K$5:$K$154,"Grammar & exercises") -> 0
A9: Quran verse tiles | B9: =COUNTIF(Vocabulary!$K$5:$K$154,"Quran verse tile") -> 32
A10: Distinct Arabic entries | B10: =SUMPRODUCT((Vocabulary!$F$5:$F$154<>"")/COUNTIF(Vocabulary!$F$5:$F$154,Vocabulary!$F$5:$F$154&"")) -> 143
A11: Words with a Quran verse | B11: =COUNTIF(Vocabulary!$J$5:$J$154,"Yes") -> 84
A12: Words with an icon | B12: =COUNTA(Vocabulary!$I$5:$I$154) -> 68
A13: Definite/indefinite pairs | B13: =COUNTA(Vocabulary!$H$5:$H$154) -> 8
A14: Avg word-card words / lesson | B14: =ROUND(B7/B5,1) -> 4.9
A16: Source: generated directly from SESSIONS in src/App.jsx. "In Quran" = the word has a linked verse in QURAN_CONNECTIONS. "Indefinite Form" is filled only for the definite-article lessons, which teach e.g. الْكِتَابُ against كِتَابٌ. Source column: "Word card" = listed in the session's vocab and drilled; "Grammar & exercises" (amber) = taught in a grammar note or exercise prompt but NOT on the word cards, so never drilled — this includes the demonstratives هَذَا / ذَلِكَ / هَذِهِ / تِلْكَ; "Quran verse tile" = pre-placed gold tiles from a verse.
